relationship_id,source_id
relationship-josephs-middle-east-bakery,source-josephs-privacy
relationship-josephs-middle-east-bakery,source-josephs-story
relationship-trader-joes-company,source-trader-joes-terms
relationship-trader-joes-company,source-trader-joes-court-order
relationship-trader-joes-aldi-nord,source-usda-aldi-report
relationship-trader-joes-aldi-nord,source-ap-trader-joes-aldi-nord
relationship-trader-joes-aldi-nord,source-forbes-trader-joes-2025
relationship-wholesome-pantry-wakefern,source-wakefern-brands
relationship-wholesome-pantry-wakefern,source-wakefern-2025-shareholders
relationship-tuttorosso-red-gold,source-red-gold-story
relationship-tuttorosso-red-gold,source-red-gold-2025-catalog
relationship-envirokidz-natures-path,source-envirokidz-products
relationship-envirokidz-natures-path,source-natures-path-privacy
relationship-envirokidz-natures-path,source-natures-path-family
relationship-fage-fage-usa,source-fage-usa-home
relationship-fage-usa-fage-international,source-fage-2024-annual-report
relationship-spindrift-beverage,source-spindrift-privacy
relationship-campbells-company,source-campbells-2025-annual-report
relationship-cheerios-general-mills,source-general-mills-cheerios
relationship-poppi-pepsico,source-pepsico-poppi-close
relationship-good-and-gather-target,source-target-good-and-gather
relationship-king-arthur-company,source-king-arthur-privacy
relationship-gerber-products-company,source-gerber-history
relationship-gerber-products-nestle,source-nestle-gerber-acquisition
